Abigail,female,female,female,female,male
Adam,male,male,male,male,male
Adolfo,male,male,male,male,male
Adrian,male,unknown,male,male,male
Adrienne,female,female,female,female,female
Afton,female,unknown,unknown,unknown,male
Alan,male,male,male,male,male
Alex,male,unknown,male,male,male
Alicia,female,female,female,female,female
Alison,female,female,female,female,male
Allan,male,male,male,male,male
Alma,female,unknown,female,female,female
Amand,female,female,male,unknown,male
Amanda,female,female,female,female,female
Amy,female,female,female,female,female
Ana,female,female,female,female,female
Andrea,female,unknown,female,female,female
Andrew,male,male,male,male,male
Andy,male,unknown,male,male,female
Angela,female,female,female,female,female
Ann,female,female,female,female,male
Anna,female,female,female,female,female
Anthony,male,male,male,male,female
April,female,female,female,female,male
Arthur,male,male,male,male,male
Arturo,male,male,male,male,male
Ashley,female,unknown,female,female,female
Barbara,female,female,female,female,female
Barry,male,male,male,male,female
Becky,female,female,female,female,female
Benita,female,female,female,female,female
Benjamin,male,male,male,male,male
Beth,female,female,female,female,male
Betsy,female,female,female,female,female
Braden,male,male,male,male,male
Brandi,female,female,female,female,female
Brenda,female,female,female,female,female
Brent,male,male,male,male,male
Bret,male,male,male,male,male
Brian,male,male,male,male,male
Bridget,female,female,female,female,male
Bridgett,female,female,female,female,male
Britni,female,female,female,female,female
Brittany,female,female,female,female,female
Brooke,female,unknown,female,female,female
Bruce,male,male,male,male,female
Bryan,male,male,male,male,male
Calysta,female,female,unknown,unknown,female
Cara,female,female,female,female,female
Carah,female,female,unknown,female,female
Caren,female,female,female,female,male
Carl,male,male,male,male,male
Carmen,female,unknown,female,female,male
Carol,female,unknown,female,female,male
Carolyn,female,female,female,female,male
Casey,female,unknown,andy,female,female
Catherine,female,female,female,female,female
Cathy,female,female,female,female,female
Cecelia,female,female,female,female,female
Cela,female,female,female,unknown,female
Charles,male,male,male,male,male
Charlotte,female,female,female,female,female
Chelsi,female,female,female,female,female
Cheryl,female,female,female,female,male
Choya,female,unknown,unknown,female,female
Christen,female,unknown,male,female,male
Christin,female,unknown,female,female,male
Christopher,male,male,male,male,male
Cindy,female,female,female,female,female
Claire,female,unknown,female,female,female
Claudia,female,female,female,female,female
Clint,male,male,male,male,male
Connie,female,unknown,female,female,female
Cora,female,female,female,female,female
Corey,male,unknown,male,male,female
Craig,male,male,male,male,male
Cristian,male,unknown,male,male,male
Cristina,female,female,female,female,female
Curtis,male,male,male,male,male
Cynthia,female,female,female,female,female
Dale,male,unknown,male,male,female
Dana,female,unknown,female,female,female
Danah,female,female,female,female,female
Daniel,male,male,male,male,male
Danielle,female,female,female,female,female
Daphne,female,female,female,female,female
Darby,male,unknown,andy,female,female
Darren,male,male,male,male,male
Daryl,male,unknown,male,male,male
David,male,male,male,male,male
Dawn,female,female,female,female,male
Dayna,female,female,female,female,female
Debbie,female,female,female,female,female
Deborah,female,female,female,female,female
Debra,female,female,female,female,female
Delia,female,female,female,female,female
Demetri,male,unknown,unknown,unknown,female
Dennis,male,male,male,male,male
Deterrean,male,unknown,unknown,unknown,male
Diana,female,female,female,female,female
Diane,female,female,female,female,female
Dianna,female,female,female,female,female
Divya,female,female,female,female,female
Don,male,male,male,male,male
Donald,male,male,male,male,male
Donna,female,female,female,female,female
Douglas,male,male,male,male,male
Drew,male,unknown,male,male,male
Dustin,male,male,male,male,male
Eamon,male,male,male,male,male
Earl,male,male,male,male,male
Edward,male,male,male,male,male
Ekaterina,female,female,female,female,female
Electra,female,female,unknown,female,female
Elissa,female,female,female,female,female
Elizabeth,female,female,female,female,male
Ellen,female,female,female,female,male
Elsa,female,female,female,female,female
Emily,female,female,female,female,female
Enrique,male,male,male,male,female
Eric,male,male,male,male,male
Ericka,female,female,female,female,female
Erika,female,female,female,female,female
Esteban,male,male,male,male,male
Esther,female,female,female,female,male
Eugene,male,male,male,male,female
Eugenia,female,female,female,female,female
Evan,male,unknown,male,male,male
Evelyn,female,female,female,female,male
Frances,female,female,female,female,male
Francisca,female,female,female,female,female
Frank,male,male,male,male,male
Frankie,female,unknown,andy,male,female
Fred,male,male,male,male,male
Fredericka,female,female,unknown,unknown,female
Gabriel,male,unknown,male,male,male
Gabriela,female,female,female,female,female
Gabriella,female,female,female,female,female
Gail,female,unknown,female,female,male
Garland,male,unknown,male,male,male
Gary,male,male,male,male,female
Gaston,male,male,male,male,male
Geoff,male,male,male,male,male
Georg,female,unknown,male,male,male
George,male,male,male,male,female
Georgette,female,female,female,female,female
Gerald,male,male,male,male,male
Gina,female,female,female,female,female
Glenn,male,male,male,male,male
Gloria,female,female,female,female,female
Greg,male,male,male,male,male
Gregory,male,male,male,male,female
Gretchen,female,female,female,female,male
Gunnar,male,male,male,male,male
Gwendolyn,female,female,female,female,male
H,female,unknown,unknown,male,male
Hal,male,male,male,male,male
Hanz,male,male,unknown,male,male
Harold,male,male,male,male,male
Harry,male,male,male,male,female
Hayat,female,unknown,male,female,male
Heather,female,female,female,female,male
Heber,male,male,male,male,male
Hector,male,male,male,male,male
Henry,male,male,male,male,female
Herbert,male,male,male,male,male
Ildefonso,male,male,male,unknown,male
Ilyse,female,female,unknown,female,female
Jacob,male,male,male,male,male
Jacqueline,female,female,female,female,female
James,male,male,male,male,male
Jana,female,female,female,female,female
Jane,female,female,female,female,female
Jason,male,male,male,male,male
Jay,male,unknown,male,male,female
Jeannine,female,female,female,female,female
Jefferson,male,male,male,male,male
Jeffery,male,male,male,male,female
Jeffrey,male,male,male,male,female
Jennifer,female,female,female,female,male
Jeremy,male,male,male,male,female
Jerry,male,unknown,male,male,female
Jesse,male,unknown,male,male,female
Jessica,female,female,female,female,female
Jill,female,female,female,female,male
Jim,male,male,male,male,male
Jimmy,male,male,male,male,female
Jo,female,unknown,male,female,female
Joe,male,unknown,male,male,female
Joel,male,male,male,male,male
John,male,male,male,male,male
Johnathan,male,male,male,male,male
Jon,male,male,male,male,male
Jonathan,male,male,male,male,male
Joni,female,unknown,female,female,female
Jordan,female,unknown,male,male,male
Jose,male,male,female,male,female
Joseph,male,male,male,male,male
Joshua,male,male,male,male,female
Joyce,female,female,female,female,female
Julie,female,female,female,female,female
June,female,unknown,female,female,female
Justin,male,male,male,male,male
KC,male,unknown,unknown,female,male
Kaitlyn,female,female,female,female,male
Kamilla,female,female,female,female,female
Kara,female,female,female,female,female
Karen,female,female,female,female,male
Karin,female,female,female,female,male
Karyn,female,female,female,female,male
Kate,female,female,female,female,female
Katherine,female,female,female,female,female
Kathryn,female,female,female,female,male
Kati,female,female,female,female,female
Katrina,female,female,female,female,female
Kay,female,unknown,male,female,female
Kayla,female,female,female,female,female
Kayna,female,female,unknown,female,female
Kelley,female,unknown,female,female,female
Kelli,female,female,female,female,female
Kellie,female,female,female,female,female
Kelly,female,unknown,female,female,female
Kemisha,female,female,unknown,unknown,female
Ken,male,male,male,male,male
Kenneth,male,male,male,male,male
Kent,male,male,male,male,male
Kerry,female,unknown,female,female,female
Kevin,male,male,male,male,male
Kim,female,unknown,female,female,male
Kimberley,female,female,female,female,female
Kimberly,female,female,female,female,female
Korya,female,unknown,unknown,unknown,female
Kristi,female,female,female,female,female
Kristina,female,female,female,female,female
Kristofer,male,male,male,male,male
Kyle,male,unknown,female,male,female
Lacey,female,unknown,female,female,female
Lana,female,female,female,female,female
Lance,male,male,male,male,female
Laura,female,female,female,female,female
Lauren,female,unknown,female,female,male
Lawrence,male,male,male,male,female
Leah,female,female,female,female,female
Lee,male,unknown,male,male,female
Lesli,female,female,female,female,female
Leslie,female,unknown,female,female,female
Linda,female,female,female,female,female
Lindsay,female,unknown,female,female,female
Lindsey,female,unknown,female,female,female
Lisa,female,female,female,female,female
Lorene,female,female,female,female,female
Loretta,female,female,female,female,female
Lori,female,female,female,female,female
Lucinda,female,female,female,female,female
Luis,male,male,male,male,male
Lynda,female,female,female,female,female
Macie,female,female,female,unknown,female
Madalyn,female,female,female,female,male
Madeleine,female,female,female,female,female
Mara,female,female,female,female,female
Marc,male,male,male,male,male
Marcos,male,male,male,male,male
Margaret,female,female,female,female,male
Margarita,female,female,female,female,female
Maria,female,female,female,female,female
Marina,female,female,female,female,female
Marissa,female,female,female,female,female
Mark,male,male,male,male,male
Martha,female,female,female,female,female
Martin,male,male,male,male,male
Martina,female,female,female,female,female
Mary,female,female,female,female,female
Matt,male,male,male,male,male
Matthew,male,male,male,male,male
Maurice,male,unknown,male,male,female
Mayla,female,female,unknown,female,female
Mechthild,female,unknown,female,unknown,male
Meg,female,female,female,female,male
Megan,male,female,female,female,male
Melanie,female,female,female,female,female
Melissa,female,female,female,female,female
Meme,female,female,unknown,female,female
Meredith,female,unknown,female,female,male
Michael,male,male,male,male,male
Michele,female,unknown,female,female,female
Michelle,female,female,female,female,female
Minerva,female,female,female,female,female
Miriam,female,female,female,female,male
Misty,female,female,female,female,female
Mitchell,male,male,male,male,male
Monica,female,female,female,female,female
Montina,female,female,unknown,unknown,female
Nadine,female,female,female,female,female
Nancy,female,female,female,female,female
Nanette,female,female,female,female,female
Nathan,male,male,male,male,male
Nathaniel,male,male,male,male,male
Nathene,female,unknown,unknown,unknown,female
Neal,male,male,male,male,male
Nich,female,unknown,unknown,male,male
Nichelle,female,female,female,female,female
Nicholas,male,male,male,male,male
Nicole,female,female,female,female,female
Norbert,male,male,male,male,male
Norma,female,female,female,female,female
Nova,female,unknown,female,female,female
Oren,male,male,male,male,male
Padraic,male,male,unknown,male,male
Paige,female,female,andy,female,female
Pamela,female,female,female,female,female
Patricia,female,female,female,female,female
Patrick,male,male,male,male,male
Paul,male,male,male,male,male
Paula,female,female,female,female,female
Pedro,male,male,male,male,male
Peter,male,male,male,male,male
Philip,male,male,male,male,male
Phillip,male,male,male,male,male
Priscilla,female,female,female,female,female
Quinn,male,unknown,male,male,male
R,male,unknown,unknown,male,male
Rachel,female,female,female,female,male
Rahat,male,unknown,unknown,male,male
Rance,male,male,male,male,female
Randall,male,male,male,male,male
Rande,female,unknown,unknown,unknown,female
Randolph,male,male,male,male,male
Raphael,male,unknown,male,male,male
Rashandra,female,female,unknown,unknown,female
Raymond,male,male,male,male,male
Rebecca,female,female,female,female,female
Rex,male,male,male,male,male
Reynolds,male,male,unknown,unknown,male
Richard,male,male,male,male,male
Robert,male,male,male,male,male
Robin,female,unknown,male,female,male
Rodney,male,male,male,male,female
Roger,male,male,male,male,male
Roland,male,male,male,male,male
Rolando,male,male,male,male,male
Ronald,male,male,male,male,male
Rosalind,female,female,female,female,male
Rosemarie,female,female,female,female,female
Ruben,male,male,male,male,male
Ruth,female,female,female,female,male
Ryan,male,unknown,male,male,male
Sallie,female,female,female,female,female
Sandra,female,female,female,female,female
Sara,female,female,female,female,female
Sarah,female,female,female,female,female
Scot,male,male,male,male,male
Scott,male,male,male,male,male
Sean,male,male,male,male,male
Seth,male,male,male,male,male
Shane,male,unknown,male,male,female
Shanna,female,female,female,female,female
Shannon,female,unknown,female,female,male
Sharon,female,female,female,female,male
Sheila,female,female,female,female,female
Shelley,female,unknown,female,female,female
Shelly,female,unknown,female,female,female
Shinia,female,female,unknown,unknown,female
Sinty,female,unknown,unknown,unknown,female
Sireesha,female,unknown,unknown,female,female
Sophie,female,female,female,female,female
Stacey,female,unknown,female,female,female
Stacy,female,unknown,female,female,female
Stanley,male,male,male,male,female
Stella,female,female,female,female,female
Stephanie,female,female,female,female,female
Stephen,male,male,male,male,male
Steven,male,male,male,male,male
Stratos,male,unknown,male,male,male
Summer,female,female,andy,female,male
Susan,female,female,female,female,male
Suzanne,female,female,female,female,female
Tamara,female,female,female,female,female
Tameka,female,female,female,female,female
Tametha,female,female,unknown,unknown,female
Tammi,female,female,female,female,female
Tanisha,female,female,female,female,female
Tara,female,female,female,female,female
Ted,male,male,male,male,male
Terrell,male,unknown,male,male,male
Terry,female,unknown,male,male,female
Thana,female,female,unknown,female,female
Thomas,male,male,male,male,male
Thornton,male,male,unknown,male,male
Tiffany,female,female,female,female,female
Timothy,male,male,male,male,female
Tomee,female,unknown,unknown,unknown,female
Tommy,male,unknown,male,male,female
Tracey,female,unknown,female,female,female
Tracy,female,unknown,female,female,female
Travis,male,male,male,male,male
Treasea,female,female,unknown,unknown,female
Tristin,female,unknown,male,female,male
Troy,male,unknown,male,male,male
Tuong,male,unknown,andy,female,male
Tyamona,female,unknown,unknown,unknown,female
Valeria,female,female,female,female,female
Veena,female,female,female,female,female
Vera,female,female,female,female,female
Vernon,male,unknown,male,male,male
Veronica,female,female,female,female,female
Victoria,female,female,female,female,female
Virginia,female,female,female,female,female
Viviana,female,female,female,female,female
Walter,male,male,male,male,male
Wanderlon,female,unknown,unknown,unknown,male
Ward,male,male,male,male,male
Wesley,male,unknown,male,male,female
Willia,male,unknown,female,unknown,female
William,male,male,male,male,male
Winton,male,male,unknown,unknown,male
Woodson,male,male,unknown,unknown,male
Yen-Ha,female,unknown,unknown,unknown,female
Yolanda,female,female,female,female,female
Yvonne,female,female,female,female,female
Zindia,female,unknown,unknown,unknown,female
